,full_name,id,is_private,is_verified,latest_story_ts,profile_pic_url,username
0,Radhey Radhey,50677308907,True,False,,https://scontent-waw2-1.cdninstagram.com/v/t51.2885-19/476869779_1175228060612063_4092873153798496681_n.jpg?stp=dst-jpg_e0_s150x150_tt6&_nc_ht=scontent-waw2-1.cdninstagram.com&_nc_cat=111&_nc_oc=Q6cZ2AExkUMvJAI953xidDjBL4ai5zLdhgPjeoc2UmIa4Ndnx27eCrfIYywKEVUVjItIsM8&_nc_ohc=Rsqc-GFr3s4Q7kNvgElmpYh&_nc_gid=827ec83db59a49a9a536de0d82b685d5&edm=AOG-cTkBAAAA&ccb=7-5&oh=00_AYACVFDTT-YKoeswhe4toxaXrKU3ka5o-Gr1tWh_ogTDCQ&oe=67B81915&_nc_sid=17ea04,vrindavan_mero_dil
1,Avadhesh Sharma,8666787954,False,False,0.0,https://scontent-waw2-2.cdninstagram.com/v/t51.2885-19/453644415_1015427956708494_8751320059880463330_n.jpg?stp=dst-jpg_e0_s150x150_tt6&_nc_ht=scontent-waw2-2.cdninstagram.com&_nc_cat=106&_nc_oc=Q6cZ2AExkUMvJAI953xidDjBL4ai5zLdhgPjeoc2UmIa4Ndnx27eCrfIYywKEVUVjItIsM8&_nc_ohc=rC_hwMXe8VYQ7kNvgHRJ1-Y&_nc_gid=827ec83db59a49a9a536de0d82b685d5&edm=AOG-cTkBAAAA&ccb=7-5&oh=00_AYDY5P3VbJNeGUWPDjqrCH1l7fhTk88Qz0WnLNjMd7umNw&oe=67B8285E&_nc_sid=17ea04,avadhesh0000
2,Sumit Yadav,46266851365,False,False,1739720195.0,https://scontent-waw2-2.cdninstagram.com/v/t51.2885-19/479866656_1702727810676799_9063651469908385685_n.jpg?stp=dst-jpg_e0_s150x150_tt6&_nc_ht=scontent-waw2-2.cdninstagram.com&_nc_cat=107&_nc_oc=Q6cZ2AExkUMvJAI953xidDjBL4ai5zLdhgPjeoc2UmIa4Ndnx27eCrfIYywKEVUVjItIsM8&_nc_ohc=pOoEYUL4iOEQ7kNvgEAxhnc&_nc_gid=827ec83db59a49a9a536de0d82b685d5&edm=AOG-cTkBAAAA&ccb=7-5&oh=00_AYCUKUhHi0TrgsO4w5aIQIwMSPA9sYPP2XDrbKoQgnehyw&oe=67B80AA6&_nc_sid=17ea04,sumityadav4830
3,Prem Singh,62972220376,False,False,1739670921.0,https://scontent-waw2-1.cdninstagram.com/v/t51.2885-19/455114881_8687770737922259_2279629043869866541_n.jpg?stp=dst-jpg_e0_s150x150_tt6&_nc_ht=scontent-waw2-1.cdninstagram.com&_nc_cat=111&_nc_oc=Q6cZ2AExkUMvJAI953xidDjBL4ai5zLdhgPjeoc2UmIa4Ndnx27eCrfIYywKEVUVjItIsM8&_nc_ohc=E-YwKZFtLCYQ7kNvgGdz-0U&_nc_gid=827ec83db59a49a9a536de0d82b685d5&edm=AOG-cTkBAAAA&ccb=7-5&oh=00_AYA7SI59dYQVFGEqykEcXqBfOuRh0rEMIsXmI8QyQYZz1w&oe=67B80187&_nc_sid=17ea04,koshalkumar6974
4,üåπüåπ‡§ñ‡§æ‡§ü‡•Ç ‡§µ‡§æ‡§≤‡•á ‡§ï‡§æ ‡§≤‡§æ‡§°‡§≤‡§æ ‡§ú‡§Ø ‡§∂‡•ç‡§∞‡•Ä ‡§∂‡•ç‡§Ø‡§æ‡§Æ üåπüåπ,11577197599,False,False,1739648628.0,https://scontent-waw2-1.cdninstagram.com/v/t51.2885-19/438657665_421072820520586_3530694168519523075_n.jpg?stp=dst-jpg_e0_s150x150_tt6&_nc_ht=scontent-waw2-1.cdninstagram.com&_nc_cat=110&_nc_oc=Q6cZ2AExkUMvJAI953xidDjBL4ai5zLdhgPjeoc2UmIa4Ndnx27eCrfIYywKEVUVjItIsM8&_nc_ohc=97kNIu1DTRMQ7kNvgGbDzks&_nc_gid=827ec83db59a49a9a536de0d82b685d5&edm=AOG-cTkBAAAA&ccb=7-5&oh=00_AYAXeH6kXMju0-aARqwN99uYppcjS-PageJTQwCEINmx5Q&oe=67B82149&_nc_sid=17ea04,bana_sa_82_santani
5,ùêÇùê°ùê¢ùê´ùêöùê† ùêíùê°ùêöùê´ùê¶ùêö ‚ôõ,4303870052,False,False,1739724262.0,https://scontent-waw2-2.cdninstagram.com/v/t51.2885-19/476490615_1163943527959128_7191755020579598378_n.jpg?stp=dst-jpg_e0_s150x150_tt6&_nc_ht=scontent-waw2-2.cdninstagram.com&_nc_cat=100&_nc_oc=Q6cZ2AExkUMvJAI953xidDjBL4ai5zLdhgPjeoc2UmIa4Ndnx27eCrfIYywKEVUVjItIsM8&_nc_ohc=leXRGb7vSsgQ7kNvgHlfvKQ&_nc_gid=827ec83db59a49a9a536de0d82b685d5&edm=AOG-cTkBAAAA&ccb=7-5&oh=00_AYDW_Iyaxt7hPVuhcEISvdBFFa5BLdR5Qw9IWWbw-9bt6g&oe=67B7F746&_nc_sid=17ea04,mr.chirag1749
6,Dr.Sushree sangita swain,11842494328,True,False,,https://scontent-waw2-2.cdninstagram.com/v/t51.2885-19/476890191_635439909139371_3036724295645759796_n.jpg?stp=dst-jpg_e0_s150x150_tt6&_nc_ht=scontent-waw2-2.cdninstagram.com&_nc_cat=103&_nc_oc=Q6cZ2AExkUMvJAI953xidDjBL4ai5zLdhgPjeoc2UmIa4Ndnx27eCrfIYywKEVUVjItIsM8&_nc_ohc=S5IOFxGJIEwQ7kNvgEMniFQ&_nc_gid=827ec83db59a49a9a536de0d82b685d5&edm=AOG-cTkBAAAA&ccb=7-5&oh=00_AYCls2iwi3v0DSC4CHYQzh4eDbkHBFjPfklp2YhZdYb0tg&oe=67B80D93&_nc_sid=17ea04,dr.sushree_s_swain
7,Prateek Sachan,7661415372,True,False,,https://scontent-waw2-1.cdninstagram.com/v/t51.2885-19/468404239_583460471039457_7657732112074323723_n.jpg?stp=dst-jpg_e0_s150x150_tt6&_nc_ht=scontent-waw2-1.cdninstagram.com&_nc_cat=109&_nc_oc=Q6cZ2AExkUMvJAI953xidDjBL4ai5zLdhgPjeoc2UmIa4Ndnx27eCrfIYywKEVUVjItIsM8&_nc_ohc=_OdGWZ_PbeMQ7kNvgHAylGC&_nc_gid=827ec83db59a49a9a536de0d82b685d5&edm=AOG-cTkBAAAA&ccb=7-5&oh=00_AYAZQtwsBedgZabXPkqlm02x_AOj_PLaEQnobE9CQ3sO5A&oe=67B806A0&_nc_sid=17ea04,prateek.sachan_
8,Vinay Nand,58110103866,False,False,0.0,https://instagram.fist1-1.fna.fbcdn.net/v/t51.2885-19/464760996_1254146839119862_3605321457742435801_n.png?stp=dst-jpg_e0_s150x150_tt6&cb=8577c754-c2464923&_nc_ad=z-m&_nc_ht=instagram.fist1-1.fna.fbcdn.net&_nc_cat=1&_nc_oc=Q6cZ2AGm1-Ifci05zqN28qycbZqUuXrcNYP3Kg5ep3ci3htbqxHyx2XoAP4UOSLv6Hz6RKfMeSymOsWBLG4xz-d47WT0&_nc_ohc=AKJhhrSObX0Q7kNvgHlZ5au&_nc_gid=353862768e804f0095d5789f9102988b&edm=AJ9x6zYBAAAA&ccb=7-5&ig_cache_key=YW5vbnltb3VzX3Byb2ZpbGVfcGlj.3-ccb7-5-cb8577c754-c2464923&oh=00_AYDW4iWdmjPKU17yP92gI0YxK_hP4BfhRloazCQ0RQ2g_A&oe=67B825A8&_nc_sid=65462d,vinaynand4
9,Shraddha thakurüö©,39378456649,True,False,,https://scontent-waw2-2.cdninstagram.com/v/t51.2885-19/466628902_606405045148794_8506539541397424872_n.jpg?stp=dst-jpg_e0_s150x150_tt6&_nc_ht=scontent-waw2-2.cdninstagram.com&_nc_cat=106&_nc_oc=Q6cZ2AExkUMvJAI953xidDjBL4ai5zLdhgPjeoc2UmIa4Ndnx27eCrfIYywKEVUVjItIsM8&_nc_ohc=7Gdp6DkblqQQ7kNvgHb1F8C&_nc_gid=827ec83db59a49a9a536de0d82b685d5&edm=AOG-cTkBAAAA&ccb=7-5&oh=00_AYAbC6FEi7M5pkkMq-BvdQ88Y5sFPA-Z3VmUh0J2pN7d1w&oe=67B7F857&_nc_sid=17ea04,shraddha_thakurain_
10,,34715957654,True,False,,https://scontent-waw2-1.cdninstagram.com/v/t51.2885-19/448528112_1505384517061150_723657867197428651_n.jpg?stp=dst-jpg_e0_s150x150_tt6&_nc_ht=scontent-waw2-1.cdninstagram.com&_nc_cat=110&_nc_oc=Q6cZ2AExkUMvJAI953xidDjBL4ai5zLdhgPjeoc2UmIa4Ndnx27eCrfIYywKEVUVjItIsM8&_nc_ohc=v_1KFR4r_5cQ7kNvgGQJecu&_nc_gid=827ec83db59a49a9a536de0d82b685d5&edm=AOG-cTkBAAAA&ccb=7-5&oh=00_AYA4lMJp0OxHNSui2nr20OGwvOj5ftkQGQvyr-sZtMiggA&oe=67B811C4&_nc_sid=17ea04,pateldhritee.a
11,Binit Agarwal,2019030654,False,False,0.0,https://scontent-waw2-2.cdninstagram.com/v/t51.2885-19/434290604_926623389014438_5116610563388738835_n.jpg?stp=dst-jpg_e0_s150x150_tt6&_nc_ht=scontent-waw2-2.cdninstagram.com&_nc_cat=102&_nc_oc=Q6cZ2AExkUMvJAI953xidDjBL4ai5zLdhgPjeoc2UmIa4Ndnx27eCrfIYywKEVUVjItIsM8&_nc_ohc=K-UIv7L6aPcQ7kNvgGhfPnu&_nc_gid=827ec83db59a49a9a536de0d82b685d5&edm=AOG-cTkBAAAA&ccb=7-5&oh=00_AYCI5EdMdx4fCM6B0J5dkH60x49XrXbW30jAw4xel5SlRQ&oe=67B806D0&_nc_sid=17ea04,binit_k_agarwal
12,Ankitaa Singh,54070113411,True,False,,https://scontent-waw2-1.cdninstagram.com/v/t51.2885-19/473032902_1256008272357623_3930700454041787338_n.jpg?stp=dst-jpg_e0_s150x150_tt6&_nc_ht=scontent-waw2-1.cdninstagram.com&_nc_cat=111&_nc_oc=Q6cZ2AExkUMvJAI953xidDjBL4ai5zLdhgPjeoc2UmIa4Ndnx27eCrfIYywKEVUVjItIsM8&_nc_ohc=aKKCSlMDtncQ7kNvgFhwqhM&_nc_gid=827ec83db59a49a9a536de0d82b685d5&edm=AOG-cTkBAAAA&ccb=7-5&oh=00_AYBCR9pvyPhm3PtsJlkG_3ZT49EG0m-EzoMDOmlP8WZ5UA&oe=67B7F34D&_nc_sid=17ea04,_ankitaa.singh
13,Murli Sharma,55009587214,False,False,1739706902.0,https://scontent-waw2-2.cdninstagram.com/v/t51.2885-19/468985823_2440835836248314_6735534040288196123_n.jpg?stp=dst-jpg_e0_s150x150_tt6&_nc_ht=scontent-waw2-2.cdninstagram.com&_nc_cat=102&_nc_oc=Q6cZ2AExkUMvJAI953xidDjBL4ai5zLdhgPjeoc2UmIa4Ndnx27eCrfIYywKEVUVjItIsM8&_nc_ohc=ymVox-jlSo4Q7kNvgEn3sa1&_nc_gid=827ec83db59a49a9a536de0d82b685d5&edm=AOG-cTkBAAAA&ccb=7-5&oh=00_AYAAEd-6uvtosesst0x9cL68URqYi4gvS0APu-lmjdNwXw&oe=67B81EF8&_nc_sid=17ea04,itsmurly
14,divyanshi,68113714345,False,False,0.0,https://instagram.fist1-1.fna.fbcdn.net/v/t51.2885-19/464760996_1254146839119862_3605321457742435801_n.png?stp=dst-jpg_e0_s150x150_tt6&cb=8577c754-c2464923&_nc_ad=z-m&_nc_ht=instagram.fist1-1.fna.fbcdn.net&_nc_cat=1&_nc_oc=Q6cZ2AGm1-Ifci05zqN28qycbZqUuXrcNYP3Kg5ep3ci3htbqxHyx2XoAP4UOSLv6Hz6RKfMeSymOsWBLG4xz-d47WT0&_nc_ohc=AKJhhrSObX0Q7kNvgHlZ5au&_nc_gid=353862768e804f0095d5789f9102988b&edm=AJ9x6zYBAAAA&ccb=7-5&ig_cache_key=YW5vbnltb3VzX3Byb2ZpbGVfcGlj.3-ccb7-5-cb8577c754-c2464923&oh=00_AYDW4iWdmjPKU17yP92gI0YxK_hP4BfhRloazCQ0RQ2g_A&oe=67B825A8&_nc_sid=65462d,div.yanshi2206
15,Prapti Makkar,4362961256,True,False,,https://scontent-waw2-2.cdninstagram.com/v/t51.2885-19/70976950_531645307652959_3581478962192187392_n.jpg?stp=dst-jpg_e0_s150x150_tt6&_nc_ht=scontent-waw2-2.cdninstagram.com&_nc_cat=107&_nc_oc=Q6cZ2AExkUMvJAI953xidDjBL4ai5zLdhgPjeoc2UmIa4Ndnx27eCrfIYywKEVUVjItIsM8&_nc_ohc=8E0dqYhWKlAQ7kNvgGhOKBp&_nc_gid=827ec83db59a49a9a536de0d82b685d5&edm=AOG-cTkBAAAA&ccb=7-5&oh=00_AYCVCy0linphKrMS5SbJtfkpV_uIKeNa78fA9rCCEW5ldg&oe=67B8067F&_nc_sid=17ea04,prapti_makkar
16,,71786248996,True,False,,https://scontent-waw2-2.cdninstagram.com/v/t51.2885-19/479488974_603922965959364_7056260491168504947_n.jpg?stp=dst-jpg_e0_s150x150_tt6&_nc_ht=scontent-waw2-2.cdninstagram.com&_nc_cat=100&_nc_oc=Q6cZ2AExkUMvJAI953xidDjBL4ai5zLdhgPjeoc2UmIa4Ndnx27eCrfIYywKEVUVjItIsM8&_nc_ohc=7RhufijtmAkQ7kNvgENMtrb&_nc_gid=827ec83db59a49a9a536de0d82b685d5&edm=AOG-cTkBAAAA&ccb=7-5&oh=00_AYC1HLOXRViNy2g-uSeUJVssZm7bHR4iORtxCdeskvgchQ&oe=67B8203F&_nc_sid=17ea04,sambhav.pandey_
17,,69622790017,False,False,0.0,https://scontent-waw2-2.cdninstagram.com/v/t51.2885-19/464247050_2043130666142138_4404342075992481595_n.jpg?stp=dst-jpg_e0_s150x150_tt6&_nc_ht=scontent-waw2-2.cdninstagram.com&_nc_cat=102&_nc_oc=Q6cZ2AExkUMvJAI953xidDjBL4ai5zLdhgPjeoc2UmIa4Ndnx27eCrfIYywKEVUVjItIsM8&_nc_ohc=VvxnbUAYKVMQ7kNvgG_Zlno&_nc_gid=827ec83db59a49a9a536de0d82b685d5&edm=AOG-cTkBAAAA&ccb=7-5&oh=00_AYDCW9WuVyWbUESWgFMbtXkSnE86qE7YuDc-_knUZr09Iw&oe=67B7F4EF&_nc_sid=17ea04,____manvi_00____
18,TARUN KHURANA,638901249,True,False,,https://scontent-waw2-2.cdninstagram.com/v/t51.2885-19/314932120_125276780166486_6644358661414062181_n.jpg?stp=dst-jpg_e0_s150x150_tt6&_nc_ht=scontent-waw2-2.cdninstagram.com&_nc_cat=106&_nc_oc=Q6cZ2AExkUMvJAI953xidDjBL4ai5zLdhgPjeoc2UmIa4Ndnx27eCrfIYywKEVUVjItIsM8&_nc_ohc=PUiBw4YC24MQ7kNvgH6ITYw&_nc_gid=827ec83db59a49a9a536de0d82b685d5&edm=AOG-cTkBAAAA&ccb=7-5&oh=00_AYAxF1TQo9gkzDsK5v2EwQ83ZQR7qpueCl9E6OBPAhAQMg&oe=67B7F624&_nc_sid=17ea04,imtarun____k
19,M√≤hit ü™Ø,2318897777,True,False,,https://scontent-waw2-2.cdninstagram.com/v/t51.2885-19/464298207_512924808223621_4749966944046563288_n.jpg?stp=dst-jpg_e0_s150x150_tt6&_nc_ht=scontent-waw2-2.cdninstagram.com&_nc_cat=101&_nc_oc=Q6cZ2AExkUMvJAI953xidDjBL4ai5zLdhgPjeoc2UmIa4Ndnx27eCrfIYywKEVUVjItIsM8&_nc_ohc=iPG_cQ8L61sQ7kNvgFhyB0k&_nc_gid=827ec83db59a49a9a536de0d82b685d5&edm=AOG-cTkBAAAA&ccb=7-5&oh=00_AYBiA9jOoEyOrpRn0jO2WhaK00PySu9mMOHI8QYfNzetOQ&oe=67B7FA3F&_nc_sid=17ea04,mohit_nankani13
20,,44196153674,True,False,,https://scontent-waw2-1.cdninstagram.com/v/t51.2885-19/471425172_1131334451908667_4010248184499894642_n.jpg?stp=dst-jpg_e0_s150x150_tt6&_nc_ht=scontent-waw2-1.cdninstagram.com&_nc_cat=111&_nc_oc=Q6cZ2AExkUMvJAI953xidDjBL4ai5zLdhgPjeoc2UmIa4Ndnx27eCrfIYywKEVUVjItIsM8&_nc_ohc=QIximlCJttcQ7kNvgHJ_W4H&_nc_gid=827ec83db59a49a9a536de0d82b685d5&edm=AOG-cTkBAAAA&ccb=7-5&oh=00_AYCYI94Wapusj0kwN5IDqAEGyAq9zzOvy1ZvgyPpJRvH0Q&oe=67B7FAD6&_nc_sid=17ea04,aarti11197
21,Deepak Tripathi,48914338525,True,False,,https://scontent-waw2-2.cdninstagram.com/v/t51.2885-19/459425670_488316190678793_2492780654010067195_n.jpg?stp=dst-jpg_e0_s150x150_tt6&_nc_ht=scontent-waw2-2.cdninstagram.com&_nc_cat=105&_nc_oc=Q6cZ2AExkUMvJAI953xidDjBL4ai5zLdhgPjeoc2UmIa4Ndnx27eCrfIYywKEVUVjItIsM8&_nc_ohc=XhYltpx2Bq0Q7kNvgFGl0lN&_nc_gid=827ec83db59a49a9a536de0d82b685d5&edm=AOG-cTkBAAAA&ccb=7-5&oh=00_AYD--GSFnGMaZg-ydpiQnTriBmZSqi7Ski6fOYkEFJZmmw&oe=67B80660&_nc_sid=17ea04,realdeepakpandit
22,Dinesh Pandya,2997805013,True,False,,https://scontent-waw2-1.cdninstagram.com/v/t51.2885-19/316928096_631183702080826_6271226342664584991_n.jpg?stp=dst-jpg_e0_s150x150_tt6&_nc_ht=scontent-waw2-1.cdninstagram.com&_nc_cat=110&_nc_oc=Q6cZ2AExkUMvJAI953xidDjBL4ai5zLdhgPjeoc2UmIa4Ndnx27eCrfIYywKEVUVjItIsM8&_nc_ohc=PuCLE1WAcgYQ7kNvgFLEObw&_nc_gid=827ec83db59a49a9a536de0d82b685d5&edm=AOG-cTkBAAAA&ccb=7-5&oh=00_AYB2zbKO67EGWZRDjluk6hFlNkJl8o1I2i_IZcXyPCsOgA&oe=67B801D1&_nc_sid=17ea04,dineshpandya99
23,AYUSH SINGH,38594875886,False,False,1739697690.0,https://scontent-waw2-2.cdninstagram.com/v/t51.2885-19/474731600_952074989841603_7411802542901376186_n.jpg?stp=dst-jpg_e0_s150x150_tt6&_nc_ht=scontent-waw2-2.cdninstagram.com&_nc_cat=103&_nc_oc=Q6cZ2AExkUMvJAI953xidDjBL4ai5zLdhgPjeoc2UmIa4Ndnx27eCrfIYywKEVUVjItIsM8&_nc_ohc=9MFy3Z3YlbcQ7kNvgEirBTR&_nc_gid=827ec83db59a49a9a536de0d82b685d5&edm=AOG-cTkBAAAA&ccb=7-5&oh=00_AYA_M-Sy7YzXLdw8-NQzgULZdZ8U5s_coPK2pxXVfqVyaA&oe=67B81577&_nc_sid=17ea04,ayushsingh0808_
24,,57156872808,True,False,,https://scontent-waw2-2.cdninstagram.com/v/t51.2885-19/367658774_3580607525515635_5358427525121938373_n.jpg?stp=dst-jpg_e0_s150x150_tt6&_nc_ht=scontent-waw2-2.cdninstagram.com&_nc_cat=103&_nc_oc=Q6cZ2AExkUMvJAI953xidDjBL4ai5zLdhgPjeoc2UmIa4Ndnx27eCrfIYywKEVUVjItIsM8&_nc_ohc=HBkDgYZctugQ7kNvgGjSnBU&_nc_gid=827ec83db59a49a9a536de0d82b685d5&edm=AOG-cTkBAAAA&ccb=7-5&oh=00_AYAipaVvMpg2Ke-kpyIbLjnT8nXbukgwSGR6ZKDkeoz4dA&oe=67B82648&_nc_sid=17ea04,jeet_singh232
25,Jyoti Kapoor Chadha,3059978353,True,False,,https://scontent-waw2-1.cdninstagram.com/v/t51.2885-19/360150177_1335157630431208_5504496774127962742_n.jpg?stp=dst-jpg_e0_s150x150_tt6&_nc_ht=scontent-waw2-1.cdninstagram.com&_nc_cat=104&_nc_oc=Q6cZ2AExkUMvJAI953xidDjBL4ai5zLdhgPjeoc2UmIa4Ndnx27eCrfIYywKEVUVjItIsM8&_nc_ohc=qts9WGlyoJcQ7kNvgGQvcj8&_nc_gid=827ec83db59a49a9a536de0d82b685d5&edm=AOG-cTkBAAAA&ccb=7-5&oh=00_AYBh9BAG1MLgEc4a1IkvPvkyFRFOtOX0f0CQWkpTM9maTA&oe=67B81906&_nc_sid=17ea04,jyoti_tanchui
26,aparajita Mishra,66277803717,True,False,,https://scontent-waw2-1.cdninstagram.com/v/t51.2885-19/459209957_1508062189916104_4871428392038666373_n.jpg?stp=dst-jpg_e0_s150x150_tt6&_nc_ht=scontent-waw2-1.cdninstagram.com&_nc_cat=104&_nc_oc=Q6cZ2AExkUMvJAI953xidDjBL4ai5zLdhgPjeoc2UmIa4Ndnx27eCrfIYywKEVUVjItIsM8&_nc_ohc=I_vWaxUSMgQQ7kNvgHNid0R&_nc_gid=827ec83db59a49a9a536de0d82b685d5&edm=AOG-cTkBAAAA&ccb=7-5&oh=00_AYDYLwu9Ir6dlWwY7oG6RY0fL8SO_wRexk9cLfrfdJZZxw&oe=67B7F8A3&_nc_sid=17ea04,iamaparajitamishra
27,Saloni Malik,1400330637,False,False,1739722808.0,https://scontent-waw2-2.cdninstagram.com/v/t51.2885-19/470952883_4004920083084979_2994063040961736515_n.jpg?stp=dst-jpg_e0_s150x150_tt6&_nc_ht=scontent-waw2-2.cdninstagram.com&_nc_cat=107&_nc_oc=Q6cZ2AExkUMvJAI953xidDjBL4ai5zLdhgPjeoc2UmIa4Ndnx27eCrfIYywKEVUVjItIsM8&_nc_ohc=ZKRshMxi1CQQ7kNvgGaYHTT&_nc_gid=827ec83db59a49a9a536de0d82b685d5&edm=AOG-cTkBAAAA&ccb=7-5&oh=00_AYBJJAP68s9pGumdMN52LBKG2BrNbO_atMw-JkEYuD1Gjw&oe=67B81FCA&_nc_sid=17ea04,thisissalonimalik
28,wei_zoun,56534663939,False,False,1739704698.0,https://scontent-waw2-2.cdninstagram.com/v/t51.2885-19/475135662_559505673744085_6616178878742690438_n.jpg?stp=dst-jpg_e0_s150x150_tt6&_nc_ht=scontent-waw2-2.cdninstagram.com&_nc_cat=101&_nc_oc=Q6cZ2AExkUMvJAI953xidDjBL4ai5zLdhgPjeoc2UmIa4Ndnx27eCrfIYywKEVUVjItIsM8&_nc_ohc=qmtvWB4482QQ7kNvgGSokV2&_nc_gid=827ec83db59a49a9a536de0d82b685d5&edm=AOG-cTkBAAAA&ccb=7-5&oh=00_AYCchkW8ojhj0i8yqVK-Q3hwuz8_9Icmdsk9h9wmkHDyrw&oe=67B80A97&_nc_sid=17ea04,wei_xoun
29,TaNuja PaNdey,32828622724,True,False,,https://scontent-waw2-1.cdninstagram.com/v/t51.2885-19/458411965_1662574344592091_1623403421986027262_n.jpg?stp=dst-jpg_e0_s150x150_tt6&_nc_ht=scontent-waw2-1.cdninstagram.com&_nc_cat=111&_nc_oc=Q6cZ2AExkUMvJAI953xidDjBL4ai5zLdhgPjeoc2UmIa4Ndnx27eCrfIYywKEVUVjItIsM8&_nc_ohc=jVx5ffDm1FoQ7kNvgGbjEsG&_nc_gid=827ec83db59a49a9a536de0d82b685d5&edm=AOG-cTkBAAAA&ccb=7-5&oh=00_AYCCXOkwNG-yS8p-d45c_3d1aijTVq6lDQg85GAaB1jr3Q&oe=67B7FE58&_nc_sid=17ea04,tanuja_6975
30,T A N V I   D U A,3265442982,True,False,,https://scontent-waw2-2.cdninstagram.com/v/t51.2885-19/301260856_1919338618260618_5643046122615032595_n.jpg?stp=dst-jpg_e0_s150x150_tt6&_nc_ht=scontent-waw2-2.cdninstagram.com&_nc_cat=106&_nc_oc=Q6cZ2AExkUMvJAI953xidDjBL4ai5zLdhgPjeoc2UmIa4Ndnx27eCrfIYywKEVUVjItIsM8&_nc_ohc=9Npf3YDCfGAQ7kNvgG_RKx3&_nc_gid=827ec83db59a49a9a536de0d82b685d5&edm=AOG-cTkBAAAA&ccb=7-5&oh=00_AYA9g7FTTnGCz2ABHXzJOaHfuPHHNrs1a5PsRVtNFf7rQA&oe=67B80409&_nc_sid=17ea04,tanvi_dua
31,Yajat Kohli,56019641634,True,False,,https://scontent-waw2-2.cdninstagram.com/v/t51.2885-19/311663378_3202110506675318_8788186036078753314_n.jpg?stp=dst-jpg_e0_s150x150_tt6&_nc_ht=scontent-waw2-2.cdninstagram.com&_nc_cat=102&_nc_oc=Q6cZ2AExkUMvJAI953xidDjBL4ai5zLdhgPjeoc2UmIa4Ndnx27eCrfIYywKEVUVjItIsM8&_nc_ohc=rik1jupILFEQ7kNvgEejDPO&_nc_gid=827ec83db59a49a9a536de0d82b685d5&edm=AOG-cTkBAAAA&ccb=7-5&oh=00_AYBeyImyY6C1FvtuZCCEN-ItRn5HMa_6Zd-syXtD1-tbAA&oe=67B81E3A&_nc_sid=17ea04,kohli_yajat22
32,Pramila Sharma,71834720601,True,False,,https://scontent-waw2-1.cdninstagram.com/v/t51.2885-19/479492402_1601006093952705_6813423958181239355_n.jpg?stp=dst-jpg_e0_s150x150_tt6&_nc_ht=scontent-waw2-1.cdninstagram.com&_nc_cat=109&_nc_oc=Q6cZ2AExkUMvJAI953xidDjBL4ai5zLdhgPjeoc2UmIa4Ndnx27eCrfIYywKEVUVjItIsM8&_nc_ohc=UOhePh-Slc8Q7kNvgFshbXi&_nc_gid=827ec83db59a49a9a536de0d82b685d5&edm=AOG-cTkBAAAA&ccb=7-5&oh=00_AYA64HqexjS9kJVAWSQGoXcG8fLeHDCJPoP9BnoGm8Jpww&oe=67B8030E&_nc_sid=17ea04,pramilasharma.manan
33,Ayush Nagarüí™üèª,72568745290,True,False,,https://scontent-waw2-2.cdninstagram.com/v/t51.2885-19/480359279_959495616379130_31383298414116144_n.jpg?stp=dst-jpg_e0_s150x150_tt6&_nc_ht=scontent-waw2-2.cdninstagram.com&_nc_cat=102&_nc_oc=Q6cZ2AExkUMvJAI953xidDjBL4ai5zLdhgPjeoc2UmIa4Ndnx27eCrfIYywKEVUVjItIsM8&_nc_ohc=xSGFA315P2cQ7kNvgHYJszM&_nc_gid=827ec83db59a49a9a536de0d82b685d5&edm=AOG-cTkBAAAA&ccb=7-5&oh=00_AYB6rSdgs9C4NC3ei53mk7sYFGCKcQEJyqA83-okGSdfsQ&oe=67B7F7AB&_nc_sid=17ea04,nagarji1812
34,Shinda Singh,49932647878,False,False,0.0,https://scontent-waw2-1.cdninstagram.com/v/t51.2885-19/457275094_505698422198120_1212452271478508907_n.jpg?stp=dst-jpg_e0_s150x150_tt6&_nc_ht=scontent-waw2-1.cdninstagram.com&_nc_cat=108&_nc_oc=Q6cZ2AExkUMvJAI953xidDjBL4ai5zLdhgPjeoc2UmIa4Ndnx27eCrfIYywKEVUVjItIsM8&_nc_ohc=R1ZsECkYk4wQ7kNvgGii23K&_nc_gid=827ec83db59a49a9a536de0d82b685d5&edm=AOG-cTkBAAAA&ccb=7-5&oh=00_AYBByEPAy1kugLw41zGDYZJKInaZvFGl8p1Ls_jinabHsg&oe=67B800F0&_nc_sid=17ea04,offfical_siddhart_46
35,Vikram Thakur,12725240906,False,False,1739699061.0,https://scontent-waw2-2.cdninstagram.com/v/t51.2885-19/465924783_3063954520422366_6010266345350551207_n.jpg?stp=dst-jpg_e0_s150x150_tt6&_nc_ht=scontent-waw2-2.cdninstagram.com&_nc_cat=106&_nc_oc=Q6cZ2AExkUMvJAI953xidDjBL4ai5zLdhgPjeoc2UmIa4Ndnx27eCrfIYywKEVUVjItIsM8&_nc_ohc=SIp0c4sT31MQ7kNvgFCyJED&_nc_gid=827ec83db59a49a9a536de0d82b685d5&edm=AOG-cTkBAAAA&ccb=7-5&oh=00_AYBHekvlIt2p_ptBYn5E0I-__vHDFNkwRgSeefCuzctwVw&oe=67B7F947&_nc_sid=17ea04,vikram.thakurrr
36,‡§∏‡•Å‡§ó‡§Æ ‡§ó‡•Å‡§∞‡•ç‡§ú‡§∞,56588065346,False,False,0.0,https://scontent-waw2-2.cdninstagram.com/v/t51.2885-19/474383893_1752022245370911_635324163942314090_n.jpg?stp=dst-jpg_e0_s150x150_tt6&_nc_ht=scontent-waw2-2.cdninstagram.com&_nc_cat=103&_nc_oc=Q6cZ2AExkUMvJAI953xidDjBL4ai5zLdhgPjeoc2UmIa4Ndnx27eCrfIYywKEVUVjItIsM8&_nc_ohc=Y87GaAncMCIQ7kNvgFqttW8&_nc_gid=827ec83db59a49a9a536de0d82b685d5&edm=AOG-cTkBAAAA&ccb=7-5&oh=00_AYDVLDgVFaqlPe1vrrFQJTGtM20otrEkt7m1DESLOGE82w&oe=67B800CB&_nc_sid=17ea04,sugam_saradhna.gurjar
37,Jai Deep Sharma,5624695895,False,False,1739703531.0,https://scontent-waw2-2.cdninstagram.com/v/t51.2885-19/464276208_911822913614562_4179332624554961888_n.jpg?stp=dst-jpg_e0_s150x150_tt6&_nc_ht=scontent-waw2-2.cdninstagram.com&_nc_cat=106&_nc_oc=Q6cZ2AExkUMvJAI953xidDjBL4ai5zLdhgPjeoc2UmIa4Ndnx27eCrfIYywKEVUVjItIsM8&_nc_ohc=HrNWhmbKTJcQ7kNvgGU-ju8&_nc_gid=827ec83db59a49a9a536de0d82b685d5&edm=AOG-cTkBAAAA&ccb=7-5&oh=00_AYAvxDIHFL1h21EBT7gloXRDk2CuUpxPyVncR-qOG9mIbg&oe=67B8018A&_nc_sid=17ea04,jai_akanksha_official_5517
38,anshudevofficial,72356146742,False,False,1739724906.0,https://scontent-waw2-2.cdninstagram.com/v/t51.2885-19/476927231_1088214179778662_6519437008651053035_n.jpg?stp=dst-jpg_e0_s150x150_tt6&_nc_ht=scontent-waw2-2.cdninstagram.com&_nc_cat=102&_nc_oc=Q6cZ2AExkUMvJAI953xidDjBL4ai5zLdhgPjeoc2UmIa4Ndnx27eCrfIYywKEVUVjItIsM8&_nc_ohc=jyeRa9Mns7EQ7kNvgFhzXec&_nc_gid=827ec83db59a49a9a536de0d82b685d5&edm=AOG-cTkBAAAA&ccb=7-5&oh=00_AYBQbf9-1ut1dE0HyVyT1umIj117_upkfBuslxzYGsQDAw&oe=67B80244&_nc_sid=17ea04,anshudevofficial
39,PARU_4,53939267262,True,False,,https://scontent-waw2-1.cdninstagram.com/v/t51.2885-19/473699949_618750520543724_4756827990624684132_n.jpg?stp=dst-jpg_e0_s150x150_tt6&_nc_ht=scontent-waw2-1.cdninstagram.com&_nc_cat=108&_nc_oc=Q6cZ2AExkUMvJAI953xidDjBL4ai5zLdhgPjeoc2UmIa4Ndnx27eCrfIYywKEVUVjItIsM8&_nc_ohc=WviLzho8gRkQ7kNvgFubh-Y&_nc_gid=827ec83db59a49a9a536de0d82b685d5&edm=AOG-cTkBAAAA&ccb=7-5&oh=00_AYAFODO5CxoMPo2VK_gQIqtR4Os_2_FQJtMDoXJsXu5Wng&oe=67B7F70D&_nc_sid=17ea04,im_pallu_234
40,Shubhendra Singh,3680665270,False,False,0.0,https://scontent-waw2-2.cdninstagram.com/v/t51.2885-19/441470344_3284286541880503_1202763610089906913_n.jpg?stp=dst-jpg_e0_s150x150_tt6&_nc_ht=scontent-waw2-2.cdninstagram.com&_nc_cat=107&_nc_oc=Q6cZ2AExkUMvJAI953xidDjBL4ai5zLdhgPjeoc2UmIa4Ndnx27eCrfIYywKEVUVjItIsM8&_nc_ohc=9uPSeHZa8FAQ7kNvgG9lSLT&_nc_gid=827ec83db59a49a9a536de0d82b685d5&edm=AOG-cTkBAAAA&ccb=7-5&oh=00_AYA2BFZN-mXkkrP9G1laZgf-kVbsnndQEW5P6maKGbUYvQ&oe=67B8077E&_nc_sid=17ea04,shubhendra_cuore
41,Ashish Chaudhary,54418167333,False,False,1739678178.0,https://scontent-waw2-2.cdninstagram.com/v/t51.2885-19/470902831_3660427417582349_8188791533154437444_n.jpg?stp=dst-jpg_e0_s150x150_tt6&_nc_ht=scontent-waw2-2.cdninstagram.com&_nc_cat=105&_nc_oc=Q6cZ2AExkUMvJAI953xidDjBL4ai5zLdhgPjeoc2UmIa4Ndnx27eCrfIYywKEVUVjItIsM8&_nc_ohc=mg8xGUXnuTAQ7kNvgGtXBHN&_nc_gid=827ec83db59a49a9a536de0d82b685d5&edm=AOG-cTkBAAAA&ccb=7-5&oh=00_AYCAN7d_0tnVQANnDPSOc49THmBdJJdFhCyN8yGyM0Do5A&oe=67B8242E&_nc_sid=17ea04,my_life__indian_army_
42,sujoy1999,71672561370,True,False,,https://scontent-waw2-2.cdninstagram.com/v/t51.2885-19/478899455_17854706721385371_528795320418556258_n.jpg?stp=dst-jpg_e0_s150x150_tt6&_nc_ht=scontent-waw2-2.cdninstagram.com&_nc_cat=103&_nc_oc=Q6cZ2AExkUMvJAI953xidDjBL4ai5zLdhgPjeoc2UmIa4Ndnx27eCrfIYywKEVUVjItIsM8&_nc_ohc=6gQjL-i7JIIQ7kNvgELjiVC&_nc_gid=827ec83db59a49a9a536de0d82b685d5&edm=AOG-cTkBAAAA&ccb=7-5&oh=00_AYDcgWXKzA7Ym9MEWtbAn15xdj2JYPPlTYkIg_hsU1pAQQ&oe=67B809BC&_nc_sid=17ea04,sb1690237
43,radhe krishna,7815195001,True,False,,https://scontent-waw2-1.cdninstagram.com/v/t51.2885-19/448303576_809804467883087_6024654926683334700_n.jpg?stp=dst-jpg_e0_s150x150_tt6&_nc_ht=scontent-waw2-1.cdninstagram.com&_nc_cat=111&_nc_oc=Q6cZ2AExkUMvJAI953xidDjBL4ai5zLdhgPjeoc2UmIa4Ndnx27eCrfIYywKEVUVjItIsM8&_nc_ohc=POwVmmOBTfQQ7kNvgGQtqfj&_nc_gid=827ec83db59a49a9a536de0d82b685d5&edm=AOG-cTkBAAAA&ccb=7-5&oh=00_AYDjUYlVW-rteUov7gLbtXdd0p6D4J1Q31PmJdxed23Evw&oe=67B82213&_nc_sid=17ea04,hem_kariya
44,ISHITA GULATI,1194805001,True,False,,https://scontent-waw2-1.cdninstagram.com/v/t51.2885-19/11189663_480825638734822_361056505_a.jpg?stp=dst-jpg_e0_s150x150_tt6&_nc_ht=scontent-waw2-1.cdninstagram.com&_nc_cat=110&_nc_oc=Q6cZ2AExkUMvJAI953xidDjBL4ai5zLdhgPjeoc2UmIa4Ndnx27eCrfIYywKEVUVjItIsM8&_nc_ohc=r64aeVBdKmMQ7kNvgFl5VH_&_nc_gid=827ec83db59a49a9a536de0d82b685d5&edm=AOG-cTkBAAAA&ccb=7-5&oh=00_AYDKCqAQYwIHJO39oaSRcXARv4UadZ57-t4zkKoo4qH0Yg&oe=67B7F600&_nc_sid=17ea04,gulatiishita
45,‚ù§Ô∏è‚ù§Ô∏èSHWET@NKüíìüíì,5781736937,True,False,,https://scontent-waw2-2.cdninstagram.com/v/t51.2885-19/169380876_521401808868678_3287334119104966622_n.jpg?stp=dst-jpg_e0_s150x150_tt6&_nc_ht=scontent-waw2-2.cdninstagram.com&_nc_cat=106&_nc_oc=Q6cZ2AExkUMvJAI953xidDjBL4ai5zLdhgPjeoc2UmIa4Ndnx27eCrfIYywKEVUVjItIsM8&_nc_ohc=vxso4xzJDagQ7kNvgFoGrOh&_nc_gid=827ec83db59a49a9a536de0d82b685d5&edm=AOG-cTkBAAAA&ccb=7-5&oh=00_AYDG0kORDXFkSG1naVtW6A0sueIidcThnBzNdANup3Fd5Q&oe=67B7F409&_nc_sid=17ea04,shwetas693
46,Jalpa Tanna Mehta Vaishnav,5625233345,True,False,,https://scontent-waw2-2.cdninstagram.com/v/t51.2885-19/398524155_1050722362728601_1834802335984147505_n.jpg?stp=dst-jpg_e0_s150x150_tt6&_nc_ht=scontent-waw2-2.cdninstagram.com&_nc_cat=101&_nc_oc=Q6cZ2AExkUMvJAI953xidDjBL4ai5zLdhgPjeoc2UmIa4Ndnx27eCrfIYywKEVUVjItIsM8&_nc_ohc=4ksZuKTS48MQ7kNvgGfYkfC&_nc_gid=827ec83db59a49a9a536de0d82b685d5&edm=AOG-cTkBAAAA&ccb=7-5&oh=00_AYD6Ddub27CmJVpmwdqeYQpHk1vtRRw3YjK5p8GiEZlD5w&oe=67B80096&_nc_sid=17ea04,jalpa_tanna_mehta
47,Govind,65809924716,False,False,0.0,https://scontent-waw2-2.cdninstagram.com/v/t51.2885-19/434746009_1159798131862385_149499080598755702_n.jpg?stp=dst-jpg_e0_s150x150_tt6&_nc_ht=scontent-waw2-2.cdninstagram.com&_nc_cat=105&_nc_oc=Q6cZ2AExkUMvJAI953xidDjBL4ai5zLdhgPjeoc2UmIa4Ndnx27eCrfIYywKEVUVjItIsM8&_nc_ohc=6K-tskQkzEAQ7kNvgEtq-hP&_nc_gid=827ec83db59a49a9a536de0d82b685d5&edm=AOG-cTkBAAAA&ccb=7-5&oh=00_AYAwVuxKBrnD6wuWTDhuaAo2wlG8RRpD6zlClzrhgnxMxg&oe=67B82299&_nc_sid=17ea04,tha_tkrishnasboy
48,aniket pujari,72150272269,False,False,0.0,https://scontent-waw2-2.cdninstagram.com/v/t51.2885-19/472739549_1428351235018032_2409983242958720482_n.jpg?stp=dst-jpg_e0_s150x150_tt6&_nc_ht=scontent-waw2-2.cdninstagram.com&_nc_cat=100&_nc_oc=Q6cZ2AExkUMvJAI953xidDjBL4ai5zLdhgPjeoc2UmIa4Ndnx27eCrfIYywKEVUVjItIsM8&_nc_ohc=NC_HvnCWbz4Q7kNvgEMXTl-&_nc_gid=827ec83db59a49a9a536de0d82b685d5&edm=AOG-cTkBAAAA&ccb=7-5&oh=00_AYCpgdxeoKPVtjcKf9yuAlTjkl8RxfcNBi_tIuMSu7m56A&oe=67B81B26&_nc_sid=17ea04,aniketpujari81
49,Kuldeep Panwar,63316579485,True,False,,https://instagram.fist1-1.fna.fbcdn.net/v/t51.2885-19/464760996_1254146839119862_3605321457742435801_n.png?stp=dst-jpg_e0_s150x150_tt6&cb=8577c754-c2464923&_nc_ad=z-m&_nc_ht=instagram.fist1-1.fna.fbcdn.net&_nc_cat=1&_nc_oc=Q6cZ2AGm1-Ifci05zqN28qycbZqUuXrcNYP3Kg5ep3ci3htbqxHyx2XoAP4UOSLv6Hz6RKfMeSymOsWBLG4xz-d47WT0&_nc_ohc=AKJhhrSObX0Q7kNvgHlZ5au&_nc_gid=353862768e804f0095d5789f9102988b&edm=AJ9x6zYBAAAA&ccb=7-5&ig_cache_key=YW5vbnltb3VzX3Byb2ZpbGVfcGlj.3-ccb7-5-cb8577c754-c2464923&oh=00_AYDW4iWdmjPKU17yP92gI0YxK_hP4BfhRloazCQ0RQ2g_A&oe=67B825A8&_nc_sid=65462d,kuldeeppanwar4259
